Subject,Start Date,Start Time,End Date,End Time,Place
Default Title,05/24/2019,00:00 AM,05/24/2019,00:00 AM,Default Place
Default Title,05/24/2019,00:00 AM,05/24/2019,00:00 AM,Default Place
Default Title,05/24/2019,00:00 AM,05/24/2019,00:00 AM,Default Place
Default Title,05/24/2019,00:00 AM,05/24/2019,00:00 AM,Default Place
Default Title,05/24/2019,00:00 AM,05/24/2019,00:00 AM,Default Place
Default Title,05/24/2019,00:00 AM,05/24/2019,00:00 AM,Default Place
Default Title,05/24/2019,00:00 AM,05/24/2019,00:00 AM,Default Place
Default Title,05/24/2019,00:00 AM,05/24/2019,00:00 AM,Default Place
Default Title,05/24/2019,00:00 AM,05/24/2019,00:00 AM,Default Place
Default Title,05/24/2019,00:00 AM,05/24/2019,00:00 AM,Default Place
